<?xml version="1.0" encoding="utf-8"?>
<ArrayOfGPIBMotorMChromator xmlns:xsi="http://www.w3.org/2001/XMLSchema-instance" xmlns:xsd="http://www.w3.org/2001/XMLSchema">
  <GPIBMotorMChromator>
    <VISAResourceName>GPIB0::23::INSTR</VISAResourceName>
    <deviceEnabled>false</deviceEnabled>
    <sessionInitialised>true</sessionInitialised>
    <deviceName>M300 MChromator(visible)</deviceName>
    <timePerDial>0</timePerDial>
    <currentMCDial>399</currentMCDial>
    <currentFilterDial>0</currentFilterDial>
    <dialMoveStepCorrection>20</dialMoveStepCorrection>
    <filterPositions>
      <int>0</int>
      <int>33</int>
      <int>67</int>
      <int>100</int>
      <int>134</int>
      <int>167</int>
    </filterPositions>
    <fBounds>
      <filterBound>
        <upperBound>-1</upperBound>
        <lowerBound>-1</lowerBound>
      </filterBound>
      <filterBound>
        <upperBound>700</upperBound>
        <lowerBound>400</lowerBound>
      </filterBound>
      <filterBound>
        <upperBound>1205</upperBound>
        <lowerBound>700</lowerBound>
      </filterBound>
      <filterBound>
        <upperBound>2000</upperBound>
        <lowerBound>1205</lowerBound>
      </filterBound>
      <filterBound>
        <upperBound>3000</upperBound>
        <lowerBound>2000</lowerBound>
      </filterBound>
      <filterBound>
        <upperBound>-1</upperBound>
        <lowerBound>-1</lowerBound>
      </filterBound>
    </fBounds>
    <gratingOffset>-7.2842</gratingOffset>
    <gratingSlope>0.6733</gratingSlope>
  </GPIBMotorMChromator>
  <GPIBMotorMChromator>
    <VISAResourceName>GPIB0::30::INSTR</VISAResourceName>
    <deviceEnabled>false</deviceEnabled>
    <sessionInitialised>true</sessionInitialised>
    <deviceName>M300 MChromator(NIR)</deviceName>
    <timePerDial>0</timePerDial>
    <currentMCDial>399</currentMCDial>
    <currentFilterDial>0</currentFilterDial>
    <dialMoveStepCorrection>20</dialMoveStepCorrection>
    <filterPositions>
      <int>0</int>
      <int>33</int>
      <int>67</int>
      <int>100</int>
      <int>134</int>
      <int>167</int>
    </filterPositions>
    <fBounds>
      <filterBound>
        <upperBound>700</upperBound>
        <lowerBound>500</lowerBound>
      </filterBound>
      <filterBound>
        <upperBound>1200</upperBound>
        <lowerBound>700</lowerBound>
      </filterBound>
      <filterBound>
        <upperBound>2000</upperBound>
        <lowerBound>1200</lowerBound>
      </filterBound>
      <filterBound>
        <upperBound>3000</upperBound>
        <lowerBound>2000</lowerBound>
      </filterBound>
      <filterBound>
        <upperBound>-1</upperBound>
        <lowerBound>-1</lowerBound>
      </filterBound>
      <filterBound>
        <upperBound>-1</upperBound>
        <lowerBound>-1</lowerBound>
      </filterBound>
    </fBounds>
    <gratingOffset>-0.26633</gratingOffset>
    <gratingSlope>0.332755</gratingSlope>
  </GPIBMotorMChromator>
</ArrayOfGPIBMotorMChromator>